<?xml version="1.0" encoding="UTF-8"?>
<NamedCredential xmlns="http://soap.sforce.com/2006/04/metadata">
    <allowMergeFieldsInBody>true</allowMergeFieldsInBody>
    <allowMergeFieldsInHeader>true</allowMergeFieldsInHeader>
    <endpoint>https://merzcommunities--mel.sandbox.my.salesforce-sites.com/services/apexrest/mockShipmentStatus</endpoint>
    <generateAuthorizationHeader>true</generateAuthorizationHeader>
    <label>MockShipmentStatus</label>
    <principalType>Anonymous</principalType>
    <protocol>NoAuthentication</protocol>
</NamedCredential>
